contract_id,title,status,kind,published_at,offer_deadline,start_date,end_date,awarded_provider_id,functional_weight,commercial_weight,scope_of_work,terms_and_conditions,accepted_request_types,allowed_domains,allowed_roles,experience_levels
C001,Framework Agreement Data Analytics & BI Services,Active,Service,2024-05-11T13:15:00+00:00,2024-12-21T08:15:00+00:00,2025-01-11,2025-10-17,P001,55,40,"Provision of IT professional services including implementation, operations, quality assurance, and documentation according to customer standards.","The framework conditions according to SLA, NDA, and data protection agreement apply. Billing in EUR; daily rates according to the pricing caps.",Single | Multi | Team | Work Contract,Application Management | Cloud | Data | Security | SAP,IT Consultant | Project Manager | Data Analyst | DevOps Engineer | SAP Consultant | Cybersecurity Specialist | QA Engineer | UX Designer,Junior | Mid | Senior | Expert
C002,Framework Agreement Infrastructure & Network Operations,Expired,Service,2024-01-19T17:45:00+00:00,2024-02-14T08:15:00+00:00,2024-03-06,2024-09-02,P001,60,50,"Service description according to the framework agreement, including deliverables, test concepts, operations manuals, and coordination meetings.",Billing based on delivered man-days. Travel expenses by agreement. Confidentiality and GDPR compliance are mandatory.,Single | Team,QA | Infrastructure | UX,QA Engineer | UX Designer | DevOps Engineer | IT Consultant,Junior | Mid | Senior | Expert
C003,Framework Agreement IT Services – Application Operations & DevOps,Active,Service,2024-04-07T13:45:00+00:00,2025-04-19T12:45:00+00:00,2025-05-04,2026-10-09,P002,60,40,"Provision of IT professional services including implementation, operations, quality assurance, and documentation according to customer standards.","The framework conditions according to SLA, NDA, and data protection agreement apply. Billing in EUR; daily rates according to the pricing caps.",Single | Multi | Team | Work Contract,Application Management | Cloud | Data | Security | SAP,IT Consultant | Project Manager | Data Analyst | DevOps Engineer | SAP Consultant | Cybersecurity Specialist | QA Engineer | UX Designer,Junior | Mid | Senior | Expert
C004,Framework Agreement Infrastructure & Network Operations,Expired,Service,2024-03-08T08:30:00+00:00,2024-04-01T17:45:00+00:00,2024-04-22,2025-02-25,P002,50,50,"Service description according to the framework agreement, including deliverables, test concepts, operations manuals, and coordination meetings.",Billing based on delivered man-days. Travel expenses by agreement. Confidentiality and GDPR compliance are mandatory.,Single | Team,QA | Infrastructure | UX,QA Engineer | UX Designer | DevOps Engineer | IT Consultant,Junior | Mid | Senior | Expert
C005,Framework Agreement Data Analytics & BI Services,Active,Service,2025-04-22T08:00:00+00:00,2025-06-16T08:30:00+00:00,2025-07-06,2026-03-28,P003,55,45,"Provision of IT professional services including implementation, operations, quality assurance, and documentation according to customer standards.","The framework conditions according to SLA, NDA, and data protection agreement apply. Billing in EUR; daily rates according to the pricing caps.",Single | Multi | Team | Work Contract,Application Management | Cloud | Data | Security | SAP,IT Consultant | Project Manager | Data Analyst | DevOps Engineer | SAP Consultant | Cybersecurity Specialist | QA Engineer | UX Designer,Junior | Mid | Senior | Expert
C006,Framework Agreement UX/UI & Design Systems,Expired,Service,2024-04-15T11:15:00+00:00,2024-07-31T12:15:00+00:00,2024-08-11,2025-04-06,P003,50,40,"Service description according to the framework agreement, including deliverables, test concepts, operations manuals, and coordination meetings.",Billing based on delivered man-days. Travel expenses by agreement. Confidentiality and GDPR compliance are mandatory.,Single | Team,QA | Infrastructure | UX,QA Engineer | UX Designer | DevOps Engineer | IT Consultant,Junior | Mid | Senior | Expert
C007,Tender: Data Platform Modernization (Lakehouse),In Negotiation,Service,2025-10-01T10:00:00+00:00,2025-10-08T10:00:00+00:00,2026-02-06,2026-09-21,,60,40,"Tender for specialized services including workshops, implementation, handover to operations, and documentation.",Pricing caps according to the matrix. Award based on functional/commercial weighting.,Single | Team,Cloud | Data | Security,Cloud Architect | DevOps Engineer | Data Analyst | Cybersecurity Specialist | Project Manager,Junior | Mid | Senior | Expert
C008,Tender: Cloud Migration & Landing Zone,Published,Service,2025-12-26T17:00:00+00:00,2026-01-06T17:00:00+00:00,2026-03-05,2026-12-09,,60,40,"Tender for specialized services including workshops, implementation, handover to operations, and documentation.",Pricing caps according to the matrix. Award based on functional/commercial weighting.,Single | Team,Cloud | Data | Security,Cloud Architect | DevOps Engineer | Data Analyst | Cybersecurity Specialist | Project Manager,Junior | Mid | Senior | Expert
