change_request_id,service_order_id,provider_id,type,status,created_by_system,created_by_user_id,decided_by_user_id,created_at,decided_at,reason,provider_response_note,new_end_date,additional_man_days,new_total_cost,old_specialist_user_id,new_specialist_user_id
3,12,P003,Extension,Declined,False,U301,U303,2024-03-22T13:45:00+00:00,2024-04-17T17:30:00+00:00,Capacity/project changes require an adjustment of the assignment.,Reviewed and decided in accordance with the framework conditions.,2024-08-19,10,30071.00,,
6,41,P002,Extension,Approved,False,U201,U203,2024-04-18T13:00:00+00:00,2024-06-03T16:15:00+00:00,Capacity/project changes require an adjustment of the assignment.,Reviewed and decided in accordance with the framework conditions.,2024-06-04,15,13129.00,,
5,21,P002,Substitution,Declined,False,U201,U203,2024-05-11T16:00:00+00:00,2024-06-17T14:00:00+00:00,Capacity/project changes require an adjustment of the assignment.,Reviewed and decided in accordance with the framework conditions.,,,,SP2005,SP2009
2,4,P002,Extension,Declined,False,U201,U203,2024-10-03T09:00:00+00:00,2024-10-17T10:00:00+00:00,Capacity/project changes require an adjustment of the assignment.,Reviewed and decided in accordance with the framework conditions.,2025-03-24,5,64854.00,,
1,1,P002,Extension,Declined,False,U201,U203,2025-01-19T18:30:00+00:00,2025-03-05T18:45:00+00:00,Capacity/project changes require an adjustment of the assignment.,Reviewed and decided in accordance with the framework conditions.,2025-05-16,5,32968.00,,
4,13,P001,Substitution,Declined,False,U101,U103,2025-07-21T18:00:00+00:00,2025-09-13T12:30:00+00:00,Capacity/project changes require an adjustment of the assignment.,Reviewed and decided in accordance with the framework conditions.,,,,SP1006,SP1004
7,42,P002,Extension,Declined,False,U201,U203,2025-11-25T18:15:00+00:00,2026-01-02T09:00:00+00:00,Capacity/project changes require an adjustment of the assignment.,Reviewed and decided in accordance with the framework conditions.,2026-02-07,5,54011.00,,
